group,class,baseName,level,variant,degree,memberCount,canonicalId,canonicalName,distinctNames,totalMaps,distinctColleges,mapOverlap,totalCutoffs,totalSaves,totalVacancies,names,memberIds
G001,C,Information Technology,after12th,,BCOM/BTECH/BSC,8,69e267819b26658edfffaf49,B.Tech. Information Technology (ss),4,597,446,151,0,0,0,B.Com. Information Technology || B.Tech. Information Technology || B.Tech. Information Technology || B.Tech. Information Technology (ss) || B.Sc. Information Technology || INFORMATION TECHNOLOGY || INFORMATION TECHNOLOGY (SS) || INFORMATION TECHNOLOGY (SS),"[""69d78e8bac4cdd106017b948"",""69d78e8bac4cdd106017b97e"",""69e2677d9b26658edfffaf3c"",""69e267819b26658edfffaf49"",""69e2682a43acac003436891e"",""69ea75b43de2eee3fbb4ab09"",""69ea807d32e643c0e37a7a6a"",""69ea808532e643c0e37a7a77""]"
G002,C,,after12th,,BBA/BCOM/BARCH/MBBS/BDS/BSMS/BAMS/BVSC/BPHARM/LLB,14,69e2682743acac003436890e,M.B.B.S.,12,269,53,216,0,0,0,B.B.A. || B.Com. || B. Arch || M.B.B.S || BDS || B.S.M.S || B.A.M.S || B.V.Sc || B.Pharm || LLB || B. Arch. || M.B.B.S. || BSMS || BAMS,"[""69d78e8bac4cdd106017b951"",""69d78e8bac4cdd106017b942"",""69d78e8bac4cdd106017b991"",""69e2529c6089fd04f8df878c"",""69e2529c6089fd04f8df878d"",""69e2529d6089fd04f8df878e"",""69e2529d6089fd04f8df878f"",""69e2529e6089fd04f8df8793"",""69e2529f6089fd04f8df8796"",""69e252ad6089fd04f8df87cb"",""69e252d06089fd04f8df8868"",""69e2682743acac003436890e"",""6a678a1cb9a3dd01a953d3a6"",""6a67917713421e00e0cbf380""]"
G003,B,Food Technology,after12th,,BTECH,5,69d78e8bac4cdd106017b98a,B.Tech. Food Technology,2,1,1,0,0,0,0,B.Tech. Food Technology || B.Tech. Food Technology (ss) || FOOD TECHNOLOGY || FOOD TECHNOLOGY (SS) || FOOD TECHNOLOGY (SS),"[""69d78e8bac4cdd106017b98a"",""69e267809b26658edfffaf45"",""69ea6da52b999f13417e10d7"",""69ea75b13de2eee3fbb4ab03"",""69ea77af44b8d3a98f3fa85c""]"
G004,B,Retail Management,after12th,,BBA,2,69e252af6089fd04f8df87d5,Retail Management,2,0,0,0,0,0,0,B.B.A. Retail Management || Retail Management,"[""69d78e8bac4cdd106017b954"",""69e252af6089fd04f8df87d5""]"
G005,B,Financial Management,after12th,,BBA,2,69e252ae6089fd04f8df87cf,Financial Management,2,0,0,0,0,0,0,B.B.A. Financial Management || Financial Management,"[""69d78e8bac4cdd106017b95b"",""69e252ae6089fd04f8df87cf""]"
G006,B,Petroleum Engineering,after12th,,BTECH,2,69ea6db32b999f13417e10dc,PETROLEUM ENGINEERING,2,0,0,0,0,0,0,B.Tech. Petroleum Engineering || PETROLEUM ENGINEERING,"[""69d78e8bac4cdd106017b985"",""69ea6db32b999f13417e10dc""]"
G007,B,Marketing Management,after12th,,BBA,2,69e252af6089fd04f8df87d4,Marketing Management,2,0,0,0,0,0,0,B.B.A. Marketing Management || Marketing Management,"[""69d78e8bac4cdd106017b95a"",""69e252af6089fd04f8df87d4""]"
G008,B,Mathematics,after12th,,BSC,2,69e252d36089fd04f8df8879,Mathematics,2,0,0,0,0,0,0,B.Sc. Mathematics || Mathematics,"[""69d78e8bac4cdd106017b95d"",""69e252d36089fd04f8df8879""]"
G009,B,Microbiology,after12th,,BSC,2,69e252d36089fd04f8df887a,Microbiology,2,0,0,0,0,0,0,B.Sc. Microbiology || Microbiology,"[""69d78e8bac4cdd106017b963"",""69e252d36089fd04f8df887a""]"
G010,B,Mechanical Engineering,after12th,,BE,4,69e267749b26658edfffaf33,B.E. Mechanical Engineering (tamil Medium),2,1290,417,873,0,0,0,B.E. Mechanical Engineering || B.E. Mechanical Engineering (Tamil Medium) || B.E. Mechanical Engineering (tamil Medium) || B.E. Mechanical Engineering,"[""69d78e8bac4cdd106017b96d"",""69e252cb6089fd04f8df8854"",""69e267749b26658edfffaf33"",""69e2677b9b26658edfffaf39""]"
G011,B,Economics,after12th,,BA,2,69e252a76089fd04f8df87b1,Economics,2,0,0,0,0,0,0,B.A. Economics || Economics,"[""69d78e8bac4cdd106017b937"",""69e252a76089fd04f8df87b1""]"
G012,B,Corporate Secretaryship,after12th,,BCOM,3,69e2682b43acac0034368922,B.Com Corporate Secretaryship,2,0,0,0,0,0,0,B.Com. Corporate Secretaryship || Corporate Secretaryship || B.Com Corporate Secretaryship,"[""69d78e8bac4cdd106017b945"",""69e252b56089fd04f8df87e1"",""69e2682b43acac0034368922""]"
G013,C,International Busine,after12th,,BBA/BCOM,2,69d78e8bac4cdd106017b953,B.B.A. International Business,2,0,0,0,0,0,0,B.B.A. International Business || B.Com International Business,"[""69d78e8bac4cdd106017b953"",""69d78e8bac4cdd106017b94e""]"
G014,B,Chemistry,after12th,,BSC,2,69e252d16089fd04f8df886e,Chemistry,2,0,0,0,0,0,0,B.Sc. Chemistry || Chemistry,"[""69d78e8bac4cdd106017b95f"",""69e252d16089fd04f8df886e""]"
G015,B,Industrial Engineering,after12th,,BE,3,69ea75ae3de2eee3fbb4aafc,INDUSTRIAL ENGINEERING,2,0,0,0,0,0,0,B.E. Industrial Engineering || B.E. Industrial Engineering || INDUSTRIAL ENGINEERING,"[""69d78e8bac4cdd106017b971"",""69e267839b26658edfffaf57"",""69ea75ae3de2eee3fbb4aafc""]"
G016,B,Robotics And Automation,after12th,,BE,4,69ea808532e643c0e37a7a78,ROBOTICS AND AUTOMATION (SS),2,0,0,0,0,0,0,B.E. Robotics and Automation || B.E. Robotics And Automation (ss) || ROBOTICS AND AUTOMATION || ROBOTICS AND AUTOMATION (SS),"[""69d78e8bac4cdd106017b976"",""69e2677b9b26658edfffaf3a"",""69ea6da52b999f13417e10d6"",""69ea808532e643c0e37a7a78""]"
G017,B,Electrical And Electronics Engineering,after12th,,BE,3,69e267819b26658edfffaf48,B.E. Electrical And Electronics Engineering,2,835,417,418,0,0,0,B.E. Electrical and Electronics Engineering || B.E. Electrical And Electronics Engineering || ELECTRICAL AND ELECTRONICS ENGINEERING,"[""69d78e8bac4cdd106017b979"",""69e267819b26658edfffaf48"",""69ea807c32e643c0e37a7a67""]"
G018,C,Biotechnology,after12th,,BSC/BTECH,2,69d78e8bac4cdd106017b988,B.Tech. Biotechnology,2,1,1,0,0,0,0,B.Sc. Biotechnology || B.Tech. Biotechnology,"[""69d78e8bac4cdd106017b962"",""69d78e8bac4cdd106017b988""]"
G019,B,Aeronautical Engineering,after12th,,BE,2,69ea6da22b999f13417e10d5,AERONAUTICAL ENGINEERING,2,0,0,0,0,0,0,B.E. Aeronautical Engineering || AERONAUTICAL ENGINEERING,"[""69d78e8bac4cdd106017b96b"",""69ea6da22b999f13417e10d5""]"
G020,B,Production Engineering,after12th,,BE,3,69ea75b33de2eee3fbb4ab08,PRODUCTION ENGINEERING,2,0,0,0,0,0,0,B.E. Production Engineering || B.E. Production Engineering || PRODUCTION ENGINEERING,"[""69d78e8bac4cdd106017b970"",""69e267849b26658edfffaf5d"",""69ea75b33de2eee3fbb4ab08""]"
G021,B,Computer And Communication Engineering,after12th,,BE,2,69ea809932e643c0e37a7a86,COMPUTER AND COMMUNICATION ENGINEERING,2,0,0,0,0,0,0,B.E. Computer and Communication Engineering || COMPUTER AND COMMUNICATION ENGINEERING,"[""69d78e8bac4cdd106017b981"",""69ea809932e643c0e37a7a86""]"
G022,B,Electronics And Instrumentation Engineering,after12th,,BE,3,69ea808432e643c0e37a7a75,ELECTRONICS AND INSTRUMENTATION ENGINEERING,2,0,0,0,0,0,0,B.E. Electronics and Instrumentation Engineering || B.E. Electronics And Instrumentation Engineering || ELECTRONICS AND INSTRUMENTATION ENGINEERING,"[""69d78e8bac4cdd106017b97a"",""69e267779b26658edfffaf35"",""69ea808432e643c0e37a7a75""]"
G023,C,Computer Science And Engineering,after12th,,BE/BTECH,7,69e2677f9b26658edfffaf43,B.E. Computer Science And Engineering (ss),3,835,417,418,0,0,0,B.E. Computer Science and Engineering || B.Tech. Computer Science and Engineering (Tamil Medium) || B.E. Computer Science And Engineering || B.E. Computer Science And Engineering (ss) || COMPUTER SCIENCE AND ENGINEERING (SS) || COMPUTER SCIENCE AND ENGINEERING || COMPUTER SCIENCE AND ENGINEERING (SS),"[""69d78e8bac4cdd106017b97d"",""69e252cc6089fd04f8df885b"",""69e267789b26658edfffaf36"",""69e2677f9b26658edfffaf43"",""69ea807b32e643c0e37a7a64"",""69ea807b32e643c0e37a7a65"",""69ea808432e643c0e37a7a74""]"
G024,B,Textile Technology,after12th,,BTECH,6,69ea783044b8d3a98f3fa862,TEXTILE TECHNOLOGY (SS),2,0,0,0,0,0,0,B.Tech. Textile Technology || B.Tech. Textile Technology || TEXTILE TECHNOLOGY (SS) || TEXTILE TECHNOLOGY || TEXTILE TECHNOLOGY (SS) || TEXTILE TECHNOLOGY (SS),"[""69d78e8bac4cdd106017b98d"",""69e2677a9b26658edfffaf38"",""69ea6ddf2b999f13417e10e3"",""69ea75b13de2eee3fbb4ab06"",""69ea76213de2eee3fbb4ab0d"",""69ea783044b8d3a98f3fa862""]"
G025,B,Physics,after12th,,BSC,2,69e252d46089fd04f8df887d,Physics,2,0,0,0,0,0,0,B.Sc. Physics || Physics,"[""69d78e8bac4cdd106017b95e"",""69e252d46089fd04f8df887d""]"
G026,B,Civil Engineering,after12th,,BE,13,69e267819b26658edfffaf4a,B.E. Civil  Engineering,4,1668,417,1251,0,0,0,B.E. Civil Engineering || B.E. Civil Engineering (Tamil Medium) || B.E. Civil Engineering (tamil Medium) || B.E. Civil  Engineering || CIVIL ENGINEERING (SS) || CIVIL ENGINEERING (SS) || CIVIL ENGINEERING (SS) || CIVIL ENGINEERING (SS) || CIVIL ENGINEERING (SS) || CIVIL ENGINEERING (SS) || CIVIL ENGINEERING (SS) || CIVIL ENGINEERING (TAMIL MEDIUM) || CIVIL ENGINEERING (TAMIL MEDIUM),"[""69d78e8bac4cdd106017b967"",""69e252c96089fd04f8df884e"",""69e2677c9b26658edfffaf3b"",""69e267819b26658edfffaf4a"",""69ea6ddf2b999f13417e10e1"",""69ea76213de2eee3fbb4ab0b"",""69ea76233de2eee3fbb4ab0f"",""69ea77143de2eee3fbb4ab10"",""69ea783044b8d3a98f3fa860"",""69ea783344b8d3a98f3fa864"",""69ea792644b8d3a98f3fa866"",""69ea807e32e643c0e37a7a6e"",""69ea808d32e643c0e37a7a7f""]"
G027,B,Pharmaceutical Technology,after12th,,BTECH,4,69ea80b432e643c0e37a7a9a,PHARMACEUTICAL TECHNOLOGY,2,0,0,0,0,0,0,B.Tech. Pharmaceutical Technology || B.Tech. Pharmaceutical Technology (ss) || PHARMACEUTICAL TECHNOLOGY (SS) || PHARMACEUTICAL TECHNOLOGY,"[""69d78e8bac4cdd106017b989"",""69e267809b26658edfffaf47"",""69ea808232e643c0e37a7a71"",""69ea80b432e643c0e37a7a9a""]"
G028,B,Electronics And Communication Engineering,after12th,,BE,6,69e267839b26658edfffaf54,B.E. Electronics And Communication Engineering (ss),2,1252,417,835,0,0,0,B.E. Electronics and Communication Engineering || B.E. Electronics And Communication Engineering || B.E. Electronics And Communication Engineering (ss) || ELECTRONICS AND COMMUNICATION ENGINEERING || ELECTRONICS AND COMMUNICATION ENGINEERING (SS) || ELECTRONICS AND COMMUNICATION ENGINEERING (SS),"[""69d78e8bac4cdd106017b97c"",""69e267769b26658edfffaf34"",""69e267839b26658edfffaf54"",""69ea807c32e643c0e37a7a66"",""69ea807c32e643c0e37a7a69"",""69ea808432e643c0e37a7a76""]"
G029,B,Defence And Strategic Studies,after12th,,BA,2,69e252d56089fd04f8df8887,Defence and Strategic Studies,2,0,0,0,0,0,0,B.A. Defence and Strategic Studies || Defence and Strategic Studies,"[""69d78e8bac4cdd106017b93e"",""69e252d56089fd04f8df8887""]"
G030,B,Co Operation,after12th,,BCOM,2,69e252b46089fd04f8df87e0,Co-operation,2,0,0,0,0,0,0,B.Com. Co-operation || Co-operation,"[""69d78e8bac4cdd106017b94a"",""69e252b46089fd04f8df87e0""]"
G031,B,Fashion Technology,after12th,,BTECH,5,69ea6dbf2b999f13417e10de,FASHION TECHNOLOGY,2,1,1,0,0,0,0,B.Tech. Fashion Technology || FASHION TECHNOLOGY || FASHION TECHNOLOGY (SS) || FASHION TECHNOLOGY (SS) || FASHION TECHNOLOGY (SS),"[""69d78e8bac4cdd106017b98e"",""69ea6dbf2b999f13417e10de"",""69ea6ddf2b999f13417e10e2"",""69ea76213de2eee3fbb4ab0c"",""69ea783044b8d3a98f3fa861""]"
G032,B,Marine Engineering,after12th,,BE,2,69ea6dac2b999f13417e10da,MARINE ENGINEERING,2,0,0,0,0,0,0,B.E. Marine Engineering || MARINE ENGINEERING,"[""69d78e8bac4cdd106017b973"",""69ea6dac2b999f13417e10da""]"
G033,B,History,after12th,,BA,2,69e252a86089fd04f8df87b5,History,2,0,0,0,0,0,0,B.A. History || History,"[""69d78e8bac4cdd106017b933"",""69e252a86089fd04f8df87b5""]"
G034,B,Automobile Engineering,after12th,,BE,3,69ea75b33de2eee3fbb4ab07,AUTOMOBILE ENGINEERING,2,6,6,0,0,0,0,B.E. Automobile Engineering || B.E. Automobile Engineering || AUTOMOBILE ENGINEERING,"[""69d78e8bac4cdd106017b96c"",""69e2677e9b26658edfffaf3f"",""69ea75b33de2eee3fbb4ab07""]"
G035,B,Computer Science,after12th,,BSC,3,69e252d16089fd04f8df8871,Computer Science,2,1,1,0,0,0,0,B.Sc. Computer Science || Computer Science || B.Sc. Computer Science,"[""69d78e8bac4cdd106017b960"",""69e252d16089fd04f8df8871"",""69e2682a43acac003436891d""]"
G036,B,Manufacturing Engineering,after12th,,BE,3,69ea807d32e643c0e37a7a6c,MANUFACTURING ENGINEERING,2,0,0,0,0,0,0,B.E. Manufacturing Engineering || B.E. Manufacturing Engineering || MANUFACTURING ENGINEERING,"[""69d78e8bac4cdd106017b96f"",""69e2677f9b26658edfffaf42"",""69ea807d32e643c0e37a7a6c""]"
G037,B,Chemical Engineering,after12th,,BTECH,8,69ea75b03de2eee3fbb4ab00,CHEMICAL ENGINEERING,2,3,3,0,0,0,0,B.Tech. Chemical Engineering || B.Tech. Chemical  Engineering || B.Tech. Chemical  Engineering (ss) || CHEMICAL ENGINEERING || CHEMICAL ENGINEERING (SS) || CHEMICAL ENGINEERING (SS) || CHEMICAL ENGINEERING (SS) || CHEMICAL ENGINEERING (SS),"[""69d78e8bac4cdd106017b983"",""69e267829b26658edfffaf4e"",""69e267859b26658edfffaf5e"",""69ea75b03de2eee3fbb4ab00"",""69ea75b03de2eee3fbb4ab01"",""69ea76233de2eee3fbb4ab0e"",""69ea77ae44b8d3a98f3fa85a"",""69ea783344b8d3a98f3fa863""]"
G038,B,Psychology,after12th,,BA,2,69e2682943acac003436891b,B.A. Psychology,2,0,0,0,0,0,0,Psychology || B.A. Psychology,"[""69e252a86089fd04f8df87b7"",""69e2682943acac003436891b""]"
G039,C,Llb,after12th,,BBA/BSC/BCOM,3,69e252ad6089fd04f8df87c9,B.Com. LLB,3,0,0,0,0,0,0,B.B.A. LLB || B.Sc. LLB || B.Com. LLB,"[""69e252ac6089fd04f8df87c5"",""69e252ad6089fd04f8df87c7"",""69e252ad6089fd04f8df87c9""]"
G040,C,Llb,after12th,Hons,BBA/BSC/BCOM,3,69e252ac6089fd04f8df87c6,B.B.A. LLB (Hons),3,14,8,6,0,0,0,B.B.A. LLB (Hons) || B.Sc. LLB (Hons) || B.Com. LLB (Hons),"[""69e252ac6089fd04f8df87c6"",""69e252ad6089fd04f8df87c8"",""69e252ad6089fd04f8df87ca""]"
G041,B,Accounting Finance,after12th,,BCOM,2,69e2682b43acac0034368923,B.Com Accounting & Finance,2,0,0,0,0,0,0,Accounting & Finance || B.Com Accounting & Finance,"[""69e252b46089fd04f8df87dd"",""69e2682b43acac0034368923""]"
G042,B,Busine Administration,after12th,,BBA,2,69e2682b43acac0034368924,B.B.A. (Business Administration),2,0,0,0,0,0,0,Business Administration || B.B.A. (Business Administration),"[""69e252b46089fd04f8df87de"",""69e2682b43acac0034368924""]"
G043,C,General,after12th,,BED/BCOM,2,69e2682b43acac0034368920,B.Com General,2,0,0,0,0,0,0,B.Ed (General) || B.Com General,"[""69e252b76089fd04f8df87ed"",""69e2682b43acac0034368920""]"
G044,C,Horticulture,after12th,,BSC/BTECH,2,69e252c26089fd04f8df882a,B.Tech Horticulture,2,0,0,0,0,0,0,B.Sc. Horticulture || B.Tech Horticulture,"[""69e252c26089fd04f8df8827"",""69e252c26089fd04f8df882a""]"
G045,C,Agricultural Engineering,after12th,,BE/BTECH,3,6a42a551598bfaf4b261d32f,B.Tech. Agricultural Engineering,3,5,5,0,0,0,0,B.E. Agricultural Engineering || AGRICULTURAL ENGINEERING || B.Tech. Agricultural Engineering,"[""69e252c86089fd04f8df884d"",""69ea6dac2b999f13417e10db"",""6a42a551598bfaf4b261d32f""]"
G046,B,Mining Engineering,after12th,,BE,3,69ea75af3de2eee3fbb4aafe,MINING ENGINEERING,2,0,0,0,0,0,0,B.E. Mining Engineering || B.E. Mining Engineering || MINING ENGINEERING,"[""69e252c96089fd04f8df884f"",""69e267849b26658edfffaf5c"",""69ea75af3de2eee3fbb4aafe""]"
G047,B,Aerospace Engineering,after12th,,BE,2,69ea6dbd2b999f13417e10dd,AEROSPACE ENGINEERING,2,0,0,0,0,0,0,B.E. Aerospace Engineering || AEROSPACE ENGINEERING,"[""69e252ca6089fd04f8df8852"",""69ea6dbd2b999f13417e10dd""]"
G048,C,Artificial Intelligence And Data Science,after12th,,BTECH/BE,5,69e267849b26658edfffaf59,B.E. Artificial Intelligence And Data Science (ss),3,834,417,417,0,0,0,B.Tech. Artificial Intelligence and Data Science || B.E. Artificial Intelligence And Data Science || B.E. Artificial Intelligence And Data Science (ss) || ARTIFICIAL INTELLIGENCE AND DATA SCIENCE (SS) || ARTIFICIAL INTELLIGENCE AND DATA SCIENCE,"[""69e252cc6089fd04f8df8859"",""69e267839b26658edfffaf58"",""69e267849b26658edfffaf59"",""69ea808232e643c0e37a7a73"",""69ea809132e643c0e37a7a81""]"
G049,B,Computer Science And Engineering,after12th,Cyber Security,BE,28,69e267849b26658edfffaf5b,B.E. Computer Science And Engineering (cyber Security),2,418,417,1,0,0,0,B.E. Computer Science and Engineering (Cyber Security) || B.E. Computer Science And Engineering (cyber Security) || COMPUTER SCIENCE AND ENGINEERING (CYBER SECURITY) || COMPUTER SCIENCE AND ENGINEERING (CYBER SECURITY) || COMPUTER SCIENCE AND ENGINEERING (CYBER SECURITY) || COMPUTER SCIENCE AND ENGINEERING (CYBER SECURITY) || COMPUTER SCIENCE AND ENGINEERING (CYBER SECURITY) || COMPUTER SCIENCE AND ENGINEERING (CYBER SECURITY) || COMPUTER SCIENCE AND ENGINEERING (CYBER SECURITY) || COMPUTER SCIENCE AND ENGINEERING (CYBER SECURITY) || COMPUTER SCIENCE AND ENGINEERING (CYBER SECURITY) || COMPUTER SCIENCE AND ENGINEERING (CYBER SECURITY) || COMPUTER SCIENCE AND ENGINEERING (CYBER SECURITY) || COMPUTER SCIENCE AND ENGINEERING (CYBER SECURITY) || COMPUTER SCIENCE AND ENGINEERING (CYBER SECURITY) || COMPUTER SCIENCE AND ENGINEERING (CYBER SECURITY) || COMPUTER SCIENCE AND ENGINEERING (CYBER SECURITY) || COMPUTER SCIENCE AND ENGINEERING (CYBER SECURITY) || COMPUTER SCIENCE AND ENGINEERING (CYBER SECURITY) || COMPUTER SCIENCE AND ENGINEERING (CYBER SECURITY) || COMPUTER SCIENCE AND ENGINEERING (CYBER SECURITY) || COMPUTER SCIENCE AND ENGINEERING (CYBER SECURITY) || COMPUTER SCIENCE AND ENGINEERING (CYBER SECURITY) || COMPUTER SCIENCE AND ENGINEERING (CYBER SECURITY) || COMPUTER SCIENCE AND ENGINEERING (CYBER SECURITY) || COMPUTER SCIENCE AND ENGINEERING (CYBER SECURITY) || COMPUTER SCIENCE AND ENGINEERING (CYBER SECURITY) || COMPUTER SCIENCE AND ENGINEERING (CYBER SECURITY),"[""69e252cd6089fd04f8df885c"",""69e267849b26658edfffaf5b"",""69ea809332e643c0e37a7a84"",""69ea809e32e643c0e37a7a88"",""69ea80a532e643c0e37a7a8f"",""69ea80a832e643c0e37a7a91"",""69ea80aa32e643c0e37a7a93"",""69ea80ac32e643c0e37a7a94"",""69ea80ae32e643c0e37a7a95"",""69ea80b032e643c0e37a7a96"",""69ea80b432e643c0e37a7a9b"",""69ea80b632e643c0e37a7a9d"",""69ea80b832e643c0e37a7a9e"",""69ea80ba32e643c0e37a7aa0"",""69ea80bd32e643c0e37a7aa2"",""69ea80c232e643c0e37a7aa3"",""69ea80cb32e643c0e37a7aa6"",""69ea80cf32e643c0e37a7aa8"",""69ea80d132e643c0e37a7aaa"",""69ea80d732e643c0e37a7aac"",""69ea80d832e643c0e37a7aad"",""69ea80db32e643c0e37a7aae"",""69ea80dd32e643c0e37a7aaf"",""69ea80df32e643c0e37a7ab0"",""69ea80e632e643c0e37a7ab2"",""69ea80e832e643c0e37a7ab6"",""69ea80ec32e643c0e37a7ab8"",""69ea80f032e643c0e37a7abb""]"
G050,A,Computer Science And Engineering,after12th,Artificial Intelligence And Machine Learning,BE,2,69e2677f9b26658edfffaf41,B.E. Computer Science And Engineering (artificial Intelligence And Machine Learning),1,417,417,0,0,0,0,B.E.Computer Science and Engineering (Artificial Intelligence and Machine Learning) || B.E. Computer Science And Engineering (artificial Intelligence And Machine Learning),"[""69e252cd6089fd04f8df885d"",""69e2677f9b26658edfffaf41""]"
G051,B,Computer Science And Design,after12th,,BE,2,69ea80a232e643c0e37a7a8a,COMPUTER SCIENCE AND DESIGN,2,0,0,0,0,0,0,B.E.Computer Science and Design || COMPUTER SCIENCE AND DESIGN,"[""69e252cd6089fd04f8df885e"",""69ea80a232e643c0e37a7a8a""]"
G052,B,Industrial Bio Technology,after12th,,BTECH,5,69ea808232e643c0e37a7a70,INDUSTRIAL BIO TECHNOLOGY (SS),2,0,0,0,0,0,0,B.Tech. Industrial Bio-Technology || B.Tech. Industrial Bio Technology (ss) || B.Tech. Industrial Bio Technology || INDUSTRIAL BIO TECHNOLOGY || INDUSTRIAL BIO TECHNOLOGY (SS),"[""69e252cd6089fd04f8df885f"",""69e2677e9b26658edfffaf3d"",""69e267829b26658edfffaf52"",""69ea75b13de2eee3fbb4ab04"",""69ea808232e643c0e37a7a70""]"
G053,B,Leather Technology,after12th,,BTECH,3,69ea75b13de2eee3fbb4ab05,LEATHER TECHNOLOGY,2,1,1,0,0,0,0,B.Tech. Leather Technology || B.Tech. Leather Technology || LEATHER TECHNOLOGY,"[""69e252cd6089fd04f8df8861"",""69e267829b26658edfffaf53"",""69ea75b13de2eee3fbb4ab05""]"
G054,B,Ceramic Technology,after12th,,BTECH,4,69ea77ae44b8d3a98f3fa85b,CERAMIC TECHNOLOGY (SS),2,0,0,0,0,0,0,B.Tech. Ceramic Technology || B.Tech. Ceramic Technology (ss) || CERAMIC TECHNOLOGY (SS) || CERAMIC TECHNOLOGY (SS),"[""69e252ce6089fd04f8df8862"",""69e267829b26658edfffaf51"",""69ea75b13de2eee3fbb4ab02"",""69ea77ae44b8d3a98f3fa85b""]"
G055,B,Apparel Technology,after12th,,BTECH,4,69ea77ae44b8d3a98f3fa859,APPAREL TECHNOLOGY (SS),2,0,0,0,0,0,0,B.Tech. Apparel Technology || B.Tech. Apparel Technology (ss) || APPAREL TECHNOLOGY (SS) || APPAREL TECHNOLOGY (SS),"[""69e252ce6089fd04f8df8863"",""69e2677f9b26658edfffaf44"",""69ea75b03de2eee3fbb4aaff"",""69ea77ae44b8d3a98f3fa859""]"
G056,B,Plastic Technology,after12th,,BTECH,2,69ea6dc12b999f13417e10df,PLASTIC TECHNOLOGY,2,0,0,0,0,0,0,B.Tech. Plastic Technology || PLASTIC TECHNOLOGY,"[""69e252ce6089fd04f8df8864"",""69ea6dc12b999f13417e10df""]"
G057,B,B Plan,after12th,,BE,2,69e267839b26658edfffaf56,B.E. B.plan,2,0,0,0,0,0,0,B.Plan. || B.E. B.plan,"[""69e252d06089fd04f8df8869"",""69e267839b26658edfffaf56""]"
G058,A,Bio Technology,after12th,,,4,69e252d06089fd04f8df886c,Bio-Technology,1,6,6,0,0,0,0,Bio-Technology || BIO TECHNOLOGY (SS) || BIO TECHNOLOGY (SS) || BIO TECHNOLOGY (SS),"[""69e252d06089fd04f8df886c"",""69ea6ddf2b999f13417e10e0"",""69ea76203de2eee3fbb4ab0a"",""69ea782f44b8d3a98f3fa85e""]"
G059,B,Visual Communication,after12th,,BSC,2,69e2682a43acac003436891f,B.Sc. Visual Communication,2,0,0,0,0,0,0,Visual Communication || B.Sc. Visual Communication,"[""69e252d46089fd04f8df8882"",""69e2682a43acac003436891f""]"
G060,B,Computer Science And Engineering,after12th,Data Science,BE,2,69e267799b26658edfffaf37,B.E. Computer Science And Engineering (data Science),2,417,417,0,0,0,0,B.E. Computer Science And Engineering (data Science) || COMPUTER SCIENCE AND ENGINEERING (DATA SCIENCE),"[""69e267799b26658edfffaf37"",""69ea808832e643c0e37a7a7b""]"
G061,B,Bio Medical Engineering,after12th,,BE,3,69ea807a32e643c0e37a7a63,BIO MEDICAL ENGINEERING (SS),2,0,0,0,0,0,0,B.E. Bio Medical Engineering  (ss) || BIO MEDICAL ENGINEERING || BIO MEDICAL ENGINEERING (SS),"[""69e2677f9b26658edfffaf40"",""69ea6da82b999f13417e10d8"",""69ea807a32e643c0e37a7a63""]"
G062,B,Electronics Engineering,after12th,Vlsi Design And Technology,BTECH,7,69ea80e832e643c0e37a7ab5,ELECTRONICS ENGINEERING (VLSI DESIGN AND TECHNOLOGY),2,0,0,0,0,0,0,B.Tech. Electronics Engineering (vlsi Design And Technology) (ss) || ELECTRONICS ENGINEERING (VLSI DESIGN AND TECHNOLOGY) (SS) || ELECTRONICS ENGINEERING (VLSI DESIGN AND TECHNOLOGY) || ELECTRONICS ENGINEERING (VLSI DESIGN AND TECHNOLOGY) || ELECTRONICS ENGINEERING (VLSI DESIGN AND TECHNOLOGY) || ELECTRONICS ENGINEERING (VLSI DESIGN AND TECHNOLOGY) || ELECTRONICS ENGINEERING (VLSI DESIGN AND TECHNOLOGY),"[""69e267809b26658edfffaf46"",""69ea807c32e643c0e37a7a68"",""69ea80a232e643c0e37a7a8c"",""69ea80a532e643c0e37a7a8e"",""69ea80ba32e643c0e37a7a9f"",""69ea80bd32e643c0e37a7aa1"",""69ea80e832e643c0e37a7ab5""]"
G063,B,Computer Science And Bu Ine System,after12th,,BE,2,69e267819b26658edfffaf4b,B.E. Computer Science And Bussiness System,2,418,417,1,0,0,0,B.E. Computer Science And Bussiness System || COMPUTER SCIENCE AND BUSSINESS SYSTEM,"[""69e267819b26658edfffaf4b"",""69ea809232e643c0e37a7a83""]"
G064,B,Rubber And Plastic Technology,after12th,,BTECH,2,69ea808532e643c0e37a7a79,RUBBER AND PLASTIC TECHNOLOGY,2,0,0,0,0,0,0,B.Tech. Rubber And Plastic Technology || RUBBER AND PLASTIC TECHNOLOGY,"[""69e267819b26658edfffaf4c"",""69ea808532e643c0e37a7a79""]"
G065,B,Civil And Structutural Engineering,after12th,,BE,2,69e267829b26658edfffaf4f,B.E. Civil And Structutural Engineering,2,417,417,0,0,0,0,B.E. Civil And Structutural Engineering || CIVIL AND STRUCTUTURAL ENGINEERING,"[""69e267829b26658edfffaf4f"",""69ea808832e643c0e37a7a7c""]"
G066,B,Petroleum Engineering And Technology,after12th,,BTECH,2,69ea808232e643c0e37a7a72,PETROLEUM ENGINEERING AND TECHNOLOGY (SS),2,0,0,0,0,0,0,B.Tech. Petroleum Engineering And Technology (ss) || PETROLEUM ENGINEERING AND TECHNOLOGY (SS),"[""69e267839b26658edfffaf55"",""69ea808232e643c0e37a7a72""]"
G067,B,Material Science And Engineering,after12th,,BTECH,2,69ea807d32e643c0e37a7a6b,MATERIAL SCIENCE AND ENGINEERING (SS),2,0,0,0,0,0,0,B.Tech. Material Science And Engineering (ss) || MATERIAL SCIENCE AND ENGINEERING (SS),"[""69e267849b26658edfffaf5a"",""69ea807d32e643c0e37a7a6b""]"
G068,C,L L B Integrated,after12th,Honours,BA/BBA/BCOM,3,69e2682d43acac003436892d,B.Com L.L.B. (Honours) - Integrated,3,0,0,0,0,0,0,B.A. L.L.B. (Honours) - Integrated || B.B.A. L.L.B. (Honours) - Integrated || B.Com L.L.B. (Honours) - Integrated,"[""69e2682c43acac003436892b"",""69e2682c43acac003436892c"",""69e2682d43acac003436892d""]"
G069,A,Chatronics,after12th,,ME,3,69ea792744b8d3a98f3fa867,MECHATRONICS (SS),1,0,0,0,0,0,0,MECHATRONICS (SS) || MECHATRONICS (SS) || MECHATRONICS (SS),"[""69ea6e522b999f13417e10e4"",""69ea77153de2eee3fbb4ab11"",""69ea792744b8d3a98f3fa867""]"
G070,B,Chanical Engineering,after12th,,ME,4,69ea808f32e643c0e37a7a80,MECHANICAL ENGINEERING (TAMIL MEDIUM),2,0,0,0,0,0,0,MECHANICAL ENGINEERING || MECHANICAL ENGINEERING (TAMIL MEDIUM) || MECHANICAL ENGINEERING (TAMIL MEDIUM) || MECHANICAL ENGINEERING (TAMIL MEDIUM),"[""69ea75af3de2eee3fbb4aafd"",""69ea807e32e643c0e37a7a6f"",""69ea808c32e643c0e37a7a7e"",""69ea808f32e643c0e37a7a80""]"
G071,A,Ical Engineering,after12th,,MED,2,69ea782f44b8d3a98f3fa85f,MEDICAL ENGINEERING (SS),1,0,0,0,0,0,0,MEDICAL ENGINEERING (SS) || MEDICAL ENGINEERING (SS),"[""69ea77ac44b8d3a98f3fa858"",""69ea782f44b8d3a98f3fa85f""]"
G072,A,Computer Science And Engineering,after12th,Ai And Machine Learning,,18,69ea80ef32e643c0e37a7aba,COMPUTER SCIENCE AND ENGINEERING (AI AND MACHINE LEARNING),1,1,1,0,0,0,0,COMPUTER SCIENCE AND ENGINEERING (AI AND MACHINE LEARNING) || COMPUTER SCIENCE AND ENGINEERING (AI AND MACHINE LEARNING) || COMPUTER SCIENCE AND ENGINEERING (AI AND MACHINE LEARNING) || COMPUTER SCIENCE AND ENGINEERING (AI AND MACHINE LEARNING) || COMPUTER SCIENCE AND ENGINEERING (AI AND MACHINE LEARNING) || COMPUTER SCIENCE AND ENGINEERING (AI AND MACHINE LEARNING) || COMPUTER SCIENCE AND ENGINEERING (AI AND MACHINE LEARNING) || COMPUTER SCIENCE AND ENGINEERING (AI AND MACHINE LEARNING) || COMPUTER SCIENCE AND ENGINEERING (AI AND MACHINE LEARNING) || COMPUTER SCIENCE AND ENGINEERING (AI AND MACHINE LEARNING) || COMPUTER SCIENCE AND ENGINEERING (AI AND MACHINE LEARNING) || COMPUTER SCIENCE AND ENGINEERING (AI AND MACHINE LEARNING) || COMPUTER SCIENCE AND ENGINEERING (AI AND MACHINE LEARNING) || COMPUTER SCIENCE AND ENGINEERING (AI AND MACHINE LEARNING) || COMPUTER SCIENCE AND ENGINEERING (AI AND MACHINE LEARNING) || COMPUTER SCIENCE AND ENGINEERING (AI AND MACHINE LEARNING) || COMPUTER SCIENCE AND ENGINEERING (AI AND MACHINE LEARNING) || COMPUTER SCIENCE AND ENGINEERING (AI AND MACHINE LEARNING),"[""69ea808732e643c0e37a7a7a"",""69ea809232e643c0e37a7a82"",""69ea809632e643c0e37a7a85"",""69ea809d32e643c0e37a7a87"",""69ea80a432e643c0e37a7a8d"",""69ea80a732e643c0e37a7a90"",""69ea80a932e643c0e37a7a92"",""69ea80b132e643c0e37a7a97"",""69ea80b332e643c0e37a7a98"",""69ea80b632e643c0e37a7a9c"",""69ea80c532e643c0e37a7aa4"",""69ea80c632e643c0e37a7aa5"",""69ea80d032e643c0e37a7aa9"",""69ea80e432e643c0e37a7ab1"",""69ea80e732e643c0e37a7ab3"",""69ea80eb32e643c0e37a7ab7"",""69ea80ee32e643c0e37a7ab9"",""69ea80ef32e643c0e37a7aba""]"
G073,A,Electronics And Communication,after12th,Advanced Communication Technology,,2,69ea80e832e643c0e37a7ab4,ELECTRONICS AND COMMUNICATION (ADVANCED COMMUNICATION TECHNOLOGY),1,0,0,0,0,0,0,ELECTRONICS AND COMMUNICATION (ADVANCED COMMUNICATION TECHNOLOGY) || ELECTRONICS AND COMMUNICATION (ADVANCED COMMUNICATION TECHNOLOGY),"[""69ea80a232e643c0e37a7a8b"",""69ea80e832e643c0e37a7ab4""]"
G074,C,Computer Science,undergraduate,,BSC/BE,2,6a65a5ffa70cb6d55bb69e3c,B.Sc. Computer Science,2,212,212,0,0,0,0,B.Sc. Computer Science || B.E. Computer Science,"[""6a65a5ffa70cb6d55bb69e3c"",""6a65a614a70cb6d55bb69edf""]"
G075,A,English,undergraduate,,BA,2,6a65a600a70cb6d55bb69e40,B.A. English,1,192,192,0,0,0,0,B.A. English || B.A. (English),"[""6a65a600a70cb6d55bb69e40"",""6a687c10c1cdd6a29761885a""]"
G076,C,General,undergraduate,,BCOM/BBA,2,6a65a600a70cb6d55bb69e48,B.Com. General,2,204,194,10,0,0,0,B.Com. General || B.B.A. General,"[""6a65a600a70cb6d55bb69e48"",""6a65a608a70cb6d55bb69e6e""]"
G077,C,Computer Applications,undergraduate,,BCOM/BBA,2,6a65a600a70cb6d55bb69e49,B.Com. Computer Applications,2,49,47,2,0,0,0,B.Com. Computer Applications || B.B.A. Computer Applications,"[""6a65a600a70cb6d55bb69e49"",""6a65a60ba70cb6d55bb69e8c""]"
G078,A,English Literature,undergraduate,,BA,2,6a97093b0d0e6dc481af6119,B.A. (English Literature),1,26,26,0,0,0,0,B.A. English Literature || B.A. (English Literature),"[""6a65a601a70cb6d55bb69e4e"",""6a97093b0d0e6dc481af6119""]"
G079,A,Psychology,undergraduate,,BSC,2,6a65a606a70cb6d55bb69e55,B.Sc. Psychology,1,27,27,0,0,0,0,B.Sc. Psychology || B.Sc. (Psychology),"[""6a65a606a70cb6d55bb69e55"",""6a68321ac1cdd6a297617c09""]"
G080,C,Information Technology,undergraduate,,BSC/BTECH,2,6a65a607a70cb6d55bb69e5e,B.Sc. Information Technology,2,92,92,0,0,0,0,B.Sc. Information Technology || B.Tech. Information Technology,"[""6a65a607a70cb6d55bb69e5e"",""6a65a618a70cb6d55bb69f03""]"
G081,C,,undergraduate,,BBA/BCOM/BA/BARCH/BSC,5,6a65a608a70cb6d55bb69e66,B.B.A.,5,437,319,118,0,0,0,B.B.A. || B.Com. || B.A. || B.Arch || B.Sc.,"[""6a65a608a70cb6d55bb69e66"",""6a65a60ca70cb6d55bb69e99"",""6a65a615a70cb6d55bb69ee6"",""6a65a615a70cb6d55bb69ee9"",""6a65a61ba70cb6d55bb69f24""]"
G082,C,International Busine,undergraduate,,BBA/BCOM,2,6a65a609a70cb6d55bb69e70,B.B.A. International Business,2,11,9,2,0,0,0,B.B.A. International Business || B.Com. International Business,"[""6a65a609a70cb6d55bb69e70"",""6a65a60da70cb6d55bb69e9b""]"
G083,C,Biotechnology,undergraduate,,BSC/BTECH,2,6a65a60aa70cb6d55bb69e77,B.Sc. Biotechnology,2,45,45,0,0,0,0,B.Sc. Biotechnology || B.Tech. Biotechnology,"[""6a65a60aa70cb6d55bb69e77"",""6a65a617a70cb6d55bb69efd""]"
G084,B,Logistics,undergraduate,,BBA,2,6a65a60ba70cb6d55bb69e8e,B.B.A. Logistics,2,9,9,0,0,0,0,B.B.A. Logistics || BBA Logistics,"[""6a65a60ba70cb6d55bb69e8e"",""6a65a613a70cb6d55bb69ed9""]"
G085,C,Aviation Management,undergraduate,,BBA/BSC,2,6a65a60ea70cb6d55bb69ea9,B.B.A. Aviation Management,2,3,3,0,0,0,0,B.B.A. Aviation Management || B.Sc. Aviation Management,"[""6a65a60ea70cb6d55bb69ea9"",""6a65a617a70cb6d55bb69ef8""]"
G086,B,Ca,undergraduate,,BBA,2,6a65a613a70cb6d55bb69ed8,BBA CA,2,91,91,0,0,0,0,B.B.A. CA || BBA CA,"[""6a65a60ea70cb6d55bb69eaa"",""6a65a613a70cb6d55bb69ed8""]"
G087,C,It,undergraduate,,BSC/BTECH/BL,3,6a65a610a70cb6d55bb69eb7,B.Sc. IT,3,12,12,0,0,0,0,B.Sc. IT || B.Tech IT || B.Lit,"[""6a65a610a70cb6d55bb69eb7"",""6a65a614a70cb6d55bb69edc"",""6a65a616a70cb6d55bb69ef2""]"
G088,C,Cyber Security,undergraduate,,BSC/BE,2,6a65a610a70cb6d55bb69eb8,B.Sc. Cyber Security,2,5,5,0,0,0,0,B.Sc. Cyber Security || B.E. Cyber Security,"[""6a65a610a70cb6d55bb69eb8"",""6a65a614a70cb6d55bb69ee0""]"
G089,C,Ai Ml,undergraduate,,BSC/BTECH,2,6a65a612a70cb6d55bb69ece,B.Sc AI & ML,2,5,5,0,0,0,0,B.Sc AI & ML || B.Tech AI & ML,"[""6a65a612a70cb6d55bb69ece"",""6a65a613a70cb6d55bb69edb""]"
G090,C,Ll B,undergraduate,,BA/BCOM,2,6a65a615a70cb6d55bb69eeb,B.Com.LL.B,2,2,1,1,0,0,0,B.A.LL.B || B.Com.LL.B,"[""6a65a615a70cb6d55bb69eea"",""6a65a615a70cb6d55bb69eeb""]"
